représentation mentale	0
représentation mentale psychologie	0
représentation mentale	0
représentation mentale	0
représentation mentale forme	0
tri de carte ouvert ou fermé	1
tri de carte ouvert ou fermé	1
persona ad-hoc primaire	2
persona ad-hoc primaire ux design	2
persona ad-hoc primaire	2
persona primaire	2
effet du bruit et du sommeil sur la concentration	3
effet du bruit et du sommeil sur la concentration psychologie cognitive	3
bruit sommeil concentration psychologie	3
bruit sommeil concentration panneau lumière bouton	3
effect of noise and sleep on concentration	3
effect of noise on concentration	3
effect of noise on concentration	3
cognitive psychology with a panel lights and buttons	3
effect of noise on cognitive performance	3
bruit et sommeil concentration	3
effet du sommeil et du bruit sur la concentration	3
effet du sommeil et du bruit sur la cognition	3
cognitive psychology experiments	3
expérience de milgram	3
mesurer la concentration cognitive	3
effet du bruit et du sommeil sur l'attention	3
bruit sommeil fonctions cognitives	3
étude sur l'effet du bruit et du sommeil sur la concentration	3
étude sur l'effet du bruit et de la vigilance sur la concentration	3
étude sur l'effet du bruit et du sommeil sur la concentration	3
étude sur l'effet du bruit et de la vigilance sur la concentration	3
panel with lights and buttons cognitive psychology	3
étude sur l'effet du bruit et de la vigilance sur la concentration	3
panel with lights and buttons cognitive psychology	3
roth jensen apparatus	3
roth-jensen	3
roth-jensen psychology	3
hypothèse de la modularité	4
endométriose	5
avc non séquellaire	6
avc non séquellaire	6
fibrillation auriculaire	6
anticoagulant après AVC	6
fibrillation auriculaire	6
anticoagulant après AVC	6
fibrillation auriculaire et chute	6
hypochondre gauche	7
lupus cutané	7
hydroxychloroquine	7
hydroxychloroquine et douleur hypochondre	7
polyglobulie	7
antalgique de palier 1	7
hypodensités spléniques	7
hypodensités splénique	7
polyglobulie et douleur d'origine splenique	7
hypodensité splénique	7
diagnostic hypodensité splénique	7
douleur splénique deux hypodensités	7
parenchyme splénique	7
douleur splénique deux hypodensités	7
diagnostic hypodensité splénique	7
dermatite	8
papules	8
dermatite	8
adénopathie	8
dermatite	8
adénopathie	8
adénopathie et eczema	8
valeur d'une hyponatrémie sévère	9
big data	10
fonctionnement détecteur de plagiat	11
analyse de texte morphologie	11
analyse morphologique	11
analyse morphologique traitement automatique des langues	11
analyse morphologique	11
analyse morphologique traitement automatique des langues	11
langage SMS	12
procédure basée graphes	13
synthèse de tweet avec procédure basée graphe	13
technique de construction programmée de synthèse de tweet	13
synthèse de tweet avec procédure basée graphe	13
modèle vectoriel de la recherche d'information	14
constitution persona primaire	2
effet du bruit et du sommeil sur la concentration panneau lumière	3
étude effet du bruit et du sommeil sur la concentration panneau lumière	3
study effect of noise and sleep on focusing using light and butons	3
qui est l'auteur de l'hypothèse de la modularité ?	4
les différentes représentations mentales	0
méthodes de tri de cartes	1
tri de cartes	1
diagnostique douleur hypochondre gauche et lupus cutané et polyglobulie	7
hypodensités spléniques	7
dermatite d'apparition brutale et transitoire	8
dermatite d'apparition brutale et transitoire avec papules	8
dermatite d'apparition brutale et transitoire avec papules et adénopathies	8
dermatite d'apparition brutale et transitoire avec papules	8
dermatite d'apparition brutale et transitoire	8
adénopathies	8
adénopathies et papules	8
hyponatrémie sévère	9
l'endométriose	5
AVC non séquellaire	6
avc sans sequelle	6
AVC non séquellaire	6
fibrillation auriculaire	6
fibrillation auriculaire et avc	6
transcriptiin texte écrit en langage SMS	12
transcription texte SMS en un texte écrit	12
techniques basé graphes synthèse tweets	13
procédure basé graphes synthèse tweets	13
théorie des graphes	13
théorie des graphes tweet	13
modèle vectoriel recherche d'information	14
big data	10
logiciel analyse de texte détecteur de plaiat	11
hypothèse de la modularité	4
hypothèse de la modularité auteur	4
forme des représentations mentales	0
le tri de cartes	1
les différents tri de cartes	1
tri de carte ouvert fermé	1
conception site web tri de cartes	1
tri de cartes physique ou informatisé	1
conception site web tri de cartes	1
tri de cartes physique ou informatisé	1
tri de cartes physique	1
persona ad-hoc primaire	2
persona psychologie cognitive	2
persona ad-hoc primaire	2
psychologie cognitive	2
persona ad-hoc primaire	2
panneau intelligent sommeil	3
étude panneau intelligent sommeil	3
effet du bruit sommmeil sur concentration	3
l'effet du bruit et du sommeil sur la concentration	3
muzet panneau lumière	3
l'effet du bruit et du sommeil sur la concentration	3
A muzet	3
A muzet panneau	3
A muzet lumière et bouton	3
A muzet expérimentation	3
A muzet étude	3
A muzet	3
Albert muzet	3
Al muzet	3
Albert muzet	3
A muzet	3
A muzet l'effet du bruit	3
A muzet	3
l'effet du bruit sur la concentration	3
valeur hyponatrémie sévère	9
endométriose	5
cause endométriose	5
causes endométriose	5
traitement anticoagulant	6
traitement anticoagulant et avc	6
fibrillation auriculaire	6
fibrillation auriculaire et avc	6
risques coagulants après chutes	6
risques anticoagulants après chutes	6
lupus cutanée et pôlyglobulie	7
lupus cutanée	7
polyglobulie	7
hypodensité splénique	7
inferctus splenique	7
hypodensité splénique	7
infarctus splénique	7
hypodensité splénique	7
infarctus splénique symptome	7
hypothèses étiologiques infractuse splénique	7
hypothèses étiologiques	7
hypothèses étiologiques définitioin	7
hypothèses étiologiques	7
dermatite brutale transitoire	8
dermatite et papule	8
dermatite brutale transitoire	8
papule adénopathies	8
dermatite brutale transitoire	8
adénopathies	8
adénopathies et dermatite	8
adénopathies	8
adénopathies et dermatite papules	8
adénopathies	8
adénopathies dermatite	8
dermatite transitoire	8
dermatose transitoire	8
dermatite transitoire	8
dermatite brutale	8
dermatite transitoire	8
dermatose transitoire	8
dermatose transitoire et adénopathies	8
modèle vectoriel inventeur	14
modèle vectoriel de recherche d'informations	14
recherche d'informations vectorielles	14
modèle vectoriel de recherche d'informations	14
modèle vectoriel	14
modèle vectoriel de recherche d'informations	14
big data	10
programme détecteur plagiat	11
methodologie analyse plagiat	11
programme détecteur plagiat	11
programme détecteur morphologie texte	11
création détecteur de plagiat	11
analyse de texte	11
analyse de texte plagiat	11
methodologie d'analyse de texte	11
methodologie d'analyse de texte plagiat	11
détecteur de plagiat	11
methodlogie d'nalayse de texte	11
methodlogie d'anlayse de texte	11
methodlogie d'analyse de texte	11
methodlogie d'analyse de texte plagiat	11
methodologie d'analyse de texte plagiat	11
morphologie du texte plagiat	11
n-grammes	11
n-grammes plagiat	11
n-grammes plagiat	11
texte écrit en texte sms	12
transformer texte écrit en tex sms	12
texte écrit en texte sms	12
transformer texte écrit en sms	12
programme synthèse de tweet	13
procédure baséé graphes tweet	13
effet bruit someil concentration	3
effet bruit sommeil concentration expérience	3
effet bruit someil concentration	3
expérience effet bruit sommeil concentration	3
effet bruit someil concentration	3
expérience effet bruit someil concentration	3
expérience bruit sommeil concentration	3
concentration bruit sommeil	3
concentration bruit sommeil expérience	3
concentration bruit sommeil	3
concentration bruit sommeil étude	3
concentration bruit sommeil	3
effet bruit et sommeilsur concentration	3
effet bruit et sommeil sur concentration	3
concentration bruit sommeil	3
concentration bruit sommeil étude	3
concentration bruit sommeil	3
effet bruit concentration	3
effet bruit concentration expérience	3
effet bruit concentration	3
effet concentration	3
concentration bruit	3
concentration bruit panneau	3
concentration panneau lumière boutons	3
concentration noise sleep	3
concentration bruit	3
concentration bruit lumière	3
concentration bruit sommeil	3
étude concentration bruit sommeil	3
concentration bruit sommeil	3
hypothèse de la modularité	4
représentation mentales	0
représentation mentales modèles théoriques	0
représentation mentales	0
représentation mentales appentissage	0
représentation mentales appentissage piaget	0
représentation mentales psychanalyse	0
méthode tri de carte	1
persona ad-hoc	2
persona ad-hoc primaire	2
persona ad-hoc primaire ux	2
dermatie d'apparition brutale et transitoire	8
dermatite	8
dermatie d'apparition brutale et transitoire	8
dermatite	8
dermatie d'apparition brutale et transitoire	8
dermatie	8
dermatite adénopathies	8
dermatie	8
dermatite adénopathies	8
hyponatrémie	9
hyponatrémie	9
endométriosse	5
avc non séquellaire	6
fibrillztion articulaire	6
traitement anticoagulant	6
traitement anticoagulant personne âgée	6
hypohcondre gaucge	7
hypochondre	7
hypodensités splénique	7
hypodensité splénique	7
Infarctus splénique	7
Infarctus splénique polyglobulie lupus cutané	7
Infarctus splénique	7
hypodensité splénique	7
Infarctus splénique	7
Infarctus splénique polyglobulie	7
Infarctus splénique	7
procédure basée graphé traitement language	13
programation procédurale	13
modèle vectoriel recherche information	14
big data	10
analyse de texte morphologie texte	11
analyse de texte morphologie plagiat	11
méthodes détection plagiat	11
analyse de texte morphologie plagiat	11
méthodes détection plagiat	11
analyse de texte morphologie plagiat	11
méthodes détetion plagiat	11
analyse de texte morphologie plagiat	11
méthodes détetion plagiat	11
analyse de texte morphologie plagiat	11
méthodes détetion plagiat	11
méthodes détection plagiat	11
morphologie du texte plagiat	11
méthodologie détection plagiat	11
transcription langage sms	12
transcription automatique langage sms	12
méthodologie tri de carte	1
méthodologie tri carte	1
tri de cartes	1
tri carte	1
méthode tri carte informatisé	1
persona ad hoc	2
persona ad hoc def	2
persona ad hoc	2
persona template	2
persona ad hoc	2
fiche persona à télécharger	2
effect noise sleep on concentration	3
hypothèse de la modularité	4
hypothèse de la modularité	4
hypothèse de la modularité	4
diverses formes des représentations mentales	0
formes représentations mentales	0
prise en charge febrillation auriculaire post avc	6
febrillation auriculaire	6
contre indication anticoagulant	6
hypodensité spléniques	7
hypodensité spléniques hypoglobulie	7
cause hyperglobulie	7
cause polyglobulie	7
cause hyperglobulie	7
maladie de vasquez	7
lupus cutané comorbidité	7
lupus cutané	7
hypodensité splénique polyglobulie	7
hypodensité splénique	7
polyglobulie cancer rate	7
hypodensité splénique	7
dermatite papule adénopathies	8
papule adénopathies	8
valeur de référence hyponatrémie	9
endométriose	5
endométriose 2019	5
endométriose	5
endométriose	5
méthodologie analyse de texte	11
méthodologie analyse de texte informatique	11
méthodologie analyse de texte informatisé	11
méthodologie analyse de texte informatique	11
méthodologie analyse de texte	11
méthodologie analyse de texte informatisé	11
méthodologie analyse de texte	11
méthodologie analyse de texte informatisé	11
analyse de texte informatisé anti plagiat	11
anti plagiat	11
anti plagiat	11
anti plagiat logiciel	11
lutte anti plagiat	11
lutte anti plagiat	11
creer anti plagiat	11
méthode anti plagiat	11
analyse de texte anti plagiat	11
méthode anti plagiat	11
lutte anti plagiat	11
méthode anti plagiat	11
lutte anti plagiat	11
méthode anti plagiat	11
morphologie du texte analuse informatisé	11
transcrire texte écrit sms en langage	12
créer ressource transcrire langage sms	12
construction programmé synthèse de tweets	13
construction programmé synthèse de tweets	13
construction programmé synthèse de tweets	13
construction programmé synthèse de tweets procedure basé graphe	13
construction programmé synthèse de tweets	13
construction programmé synthèse de tweets procedure basé graphe	13
inventeur modèle vectoriel recherche d'information	14
gerard salton	14
gerard salton award	14
gerard salton modele vectoriel recherche d'information	14
définition big data	10
big data	10
définition big data	10
double tri de carte, ouvert puis ferme	1
double tache tri de carte, ouvert puis ferme	1
hypothese de la modularité	4
hypothese de la modularité auteur	4
persona ad hoc primaire	2
etude du bruit et du sommeil psychologie	3
bruit et sommeil sur cpncentration psychologie	3
etude du bruit et du sommeil psychologie	3
bruit et sommeil sur cpncentration psychologie	3
bruit et sommeil sur concentration psychologie	3
bruit et sommeil sur concentration expeirence psychologie	3
representation mentales psychologie cognitive ochanine	0
fibrillation articulaire, traitement anti-coagulant ?	6
fibrillation auriculaire	6
valeur hyponatremie	9
hypochondre gauche non calmé par antalagique palier 1	7
hypochondre gauche lupus cutane polyglobie	7
hypochondre gauche lupus cutane polyglobulie	7
hypodensite spleniques	7
polyglobulie	7
lupus cutaneee	7
lupus cutané definition	7
dermatite	8
dermatite brutale et transitoire	8
papules	8
adenopathie	8
adenopathie dermatite	8
dermatite atopique	8
dermatite atopique avec papule	8
dermatite atopique avec papule et adenopathie	8
dermatite atopique  adenopathie	8
zndometriose	5
analyse morphologie du texte vs ressources externes	11
analyse morphologique du texte et ressources externes	11
modele vectoriel de recherche d 'information	14
modele vectoriel de recherche d'information auteur	14
methodologie creer une ressource de transcription	12
methodologie ressource de transcription	12
methodologie ressource de transcription ecrit	12
methodologie ressource de transcription écrite	12
methodologie ressource de transcription écrite TAL	12
methodologie  transcription écrite TAL	12
methodologie ressource TAL	12
technique de construction programmée procedure graphe	13
nom technique de construction programmée procedure graphe	13
nom technique de construction programmée de synthese de tweet	13
nom technique de construction programmée de synthese	13
nom technique de construction programmée de synthese de tweet	13
technique de construction programmée de synthese de tweet	13
technique de construction programmée de synthese TAL	13
technique de construction programmée  TAL	13
big data	10
tri de cartes en ligne	1
hypthèse modularité	4
personas	2
personas primaires	2
persona	2
personas primaires	2
étude effet bruit sommeil sur concentration	3
noise sleep attention	3
représentation mentale	0
stanford encyclopedia of philosophy	0
mental representation	0
fibrillation auriculaire	6
traitement anticoagulant	6
traitement anticoagulant	6
traitement anticoagulant avc	6
hyponatrémie	9
hyponatrémie sévère	9
dermatite papules adénopathies	8
endométriose	5
endocrinologue	5
endométriose	5
douleur hypocondre	7
douleur hypochondre gauche	7
douleur hypochondre gauche lupus	7
hypodensité splénique	7
antalgiques	7
hypodensité splénique	7
douleur hypochondre gauche lupus	7
hypodensité splénique	7
polyglobulie	7
lupus	7
lupus cut	7
lupus cutané	7
rate lupus	7
programme détaction plagiat	11
programme détection plagiat	11
détection plagiat	11
analyse texte plagiat	11
fonctionnement logiciel plagiat	11
analyse ressources externes	11
analyse texte ressources externes	11
ressources internes et externes comptabilité	11
word embedding	11
modèle vectoriel recherche d'information	14
logiciel transcription sms	12
logiciel transformation sms	12
transformation	12
transformation texte sms	12
t9	12
saisie intuitive	12
logiciel traduction	12
logiciel traduction fonctionnement	12
technique de construction programmée de synthèse	13
informatique technique synthèse	13
synthèse de tweets	13
graphes	13
big data	10
endometriose	5
avc non sequellaire	6
avc non sequellaire	6
avc non sequellaire	6
avc sequellaire	6
types avc	6
fibrillation auriculaire AVC	6
types avc	6
fibrillation auriculaire avc	6
exclusion auriculaire	6
exclusion auriculaire taux	6
hypochondre gauche	7
hypochondre gauche douleur	7
hypochondre gauche hypodensite splenique	7
hypochondre gauche antalgique palier &	7
hypochondre gauche antalgique palier 1	7
hypochondre gauche antecedants lupus polyglobulie	7
douleur hypochondre gauche antécédents lupus polyglobulie	7
douleur hypochondre gauche	7
douleur hypochondre gauche antécédents lupus polyglobulie	7
hypochondre gauche antecedants lupus polyglobulie	7
hypochondre gauche antalgique palier 1	7
hypochondre gauche antalgique palier &	7
hypochondre gauche hypodensite splenique	7
hypochondre gauche douleur	7
hypochondre gauche hypodensite splenique	7
lupus cutane	7
polyglobulie	7
polyglobulie caillot	7
lupus cutane immunologie	7
hypodensité splénique	7
rupture rate	7
rupture rate polyglobulie	7
lupus abces hypochondre	7
lupus abces "hypochondre gauche"	7
infrqctus "hypochondre gauche"	7
infractus "hypochondre gauche"	7
abces bilan biologique	7
abces splenique bilan biologique	7
abces splenique "bilan biologique"	7
dermatite papules	8
dermatite papules adenopathies	8
IÈVRE ADÉNO-PHARYNGO-CONJONCTIVALE	8
papules	8
papules adenopathies	8
adénopathies	8
adénopathies papules	8
hyponatremie severe	9
hyponatremie severe	9
meq/l	9
hyponatremie severe	9
big data	10
plagiat word embeddings	11
langage sms	12
text speak to english	12
text speak translation tool	12
text speak translation how to	12
deep learning textspeak	12
deep learning textspeak transcript	12
deep learning textspeach transcript	12
deep learning "text speach" transcription	12
sms language translator	12
chat language translator	12
chat lingo translator	12
langage sms traduction	12
semi supervised learning	12
tweet graph based analysis	13
modele vectoriel de recherche d'information	14
vector-space model of information retrieval	14
doi:10.1007/978-0-387-39940-9_918	14
salton vector space model	14
author:"Salton, G"	14
representations mentales	0
tri de carte ux	1
tri de carte informatise	1
persona ad-hoc	2
Norman, 2004 ad-hoc persona	2
primary ad-hoc persona	2
primary ad-hoc persona	2
persona ad hoc primaire	2
persona ad-hoc primaire	2
primary ad-hoc persona	2
Norman, 2004 ad-hoc persona	2
Norman ad-hoc persona	2
sleep noise attention	3
Changes in attention allocation in a multicomponent task under loss of sleep	3
hypothese modularite	4
auteur de la modularité	4
représentations mentales et formes	0
tri de carte ouvert	1
tri de carte physique	1
comment créer un persona ad-hoc primaire	2
comment créer un persona ad-hoc	2
effet bruit sommeil  lumieres boutons	3
etude sur l'effet du bruit et sommeil sur la concentration  lumieres boutons	3
etude sur l'effet du bruit et sommeil sur la concentration	3
panneau lumiere et bouton	3
panneau lumiere et bouton impact sur la concentration	3
effet du bruit sur la concentration etude avec lumiere et bouton	3
effet du bruit et du sommeil sur la concentration etude avec lumiere et bouton	3
effet du bruit et du sommeil sur la concentration etude	3
hyponatrémie sévère	9
endométriose symptome	5
avc non sequellaire et anticoagulation	6
polyglobulie et splenomegalie	7
dermatite papule et adénopathie	8
inventeur du modèle vectoriel de recherhce d'information	14
big data	10
programme anti plagiat	11
morphologie du texte  plagiat	11
comment choisir son logiel de plagiat	11
comment differents methode detecction plagiat	11
transformer un langaage sms en texte	12
procedure basé graphe tweets	13
programmation synthese de tweets	13
programmation synthese de tweets basé graphe	13
procedure basée graphes	13
programmation synthese de tweets basé graphe	13
programmation synthese de tweets basé graphe sql	13
persona ad-hoc primaire	2
effet du bruit et du sommeil sur la concentration	3
effet du bruit et du sommeil sur la concentration expérience	3
effet du bruit sur la concentration	3
bruit sommeil concentration	3
expérience sommeil panneau lumière boutons	3
expériences sur la concentration	3
concentration	3
sommeil et concentratio	3
concentration	3
sommeil et concentration	3
effet du sommeil et du bruit sur la concentration	3
effet du bruit sur la concentration	3
effet du sommeil et du bruit sur la concentration	3
sommeil et concentration	3
expérience utilisant panneau, lumière et boutons	3
expérience psycho utilisant panneau, lumière et boutons	3
jm lahy psycho	3
expérience psycho utilisant panneau, lumière et boutons	3
jm lahy psycho	3
expérience psycho utilisant panneau, lumière et boutons	3
jm lahy psycho	3
jm lahy expériences	3
jean-maurice lahy expériences	3
jean-maurice lahy sommeil et bruit	3
jean-maurice lahy concentration	3
expérience psychologie panneaux boutons lumières	3
expérience psychologie panneaux boutons lumières sommeil	3
expérience psychologie panneaux boutons lumières concentration	3
effet du sommeil et bruit sur la concentration	3
expérience sommeil panneau lumières boutons	3
effect of noise and sleep on concentration	3
sommeil bruit concentration	3
effect of noise and sleep on concentration	3
expérience sommeil panneau lumières boutons	3
effet du sommeil et bruit sur la concentration	3
expérience psychologie panneaux boutons lumières concentration	3
expérience psychologie panneaux boutons lumières sommeil	3
expérience psychologie panneaux boutons lumières	3
jean-maurice lahy concentration	3
hypothèse de la modularité	4
représentation mentales	0
représentation mentales psychologie	0
conception web tri de cartes	1
hypothèse étiologique	7
hypochrondre gauche	7
hypochondre gauche douleur	7
hypochrondre gauche	7
hypodensités spéniques	7
polyglobulie	7
lupus	7
hypochondre gauche	7
infarctus splénique	7
hypochondre gauche	7
hypodensité splénique	7
hypodensité	7
hypodensité rate	7
infarctus splénique	7
polyglobuluie	7
infarctus splénique	7
infarctus splénique causes	7
lupus	7
polyglobulie	7
cause infarctus splénique	7
cause infarctus étiologie	7
cause infarctus splénique	7
cause infarctus splénique étiologie	7
infarctus splénique étiologie	7
lupus et rate	7
dermatite	8
papule	8
adénopathie	8
dermatite	8
dermatite enfant	8
dermatite	8
dermatite papules	8
dermatite	8
dermatite adénopthie	8
dermatite adénopathie	8
hyponatrémie sévère	9
hyponatrémie sévère valeur	9
hyponatrémie	9
hyponatrémie valeurs	9
endométriose	5
fribrillation auriculaire	6
avc fribrillation auriculaire	6
fribrillation auriculaire anticoagulant	6
fribrillation auriculaire anticoagulant risques	6
fribrillation auriculaire traitement	6
transcription texte sms en texte formel	12
transcription langage sms	12
informatique transcrire langage sms	12
créer un traducteur	12
créer un traducteur en informatique	12
créer logiciel traduction	12
créer un traducteur en informatique	12
créer un traducteur	12
create a translator	12
construction programmée de synthèse	13
construction programmée de synthèse de tweets	13
procédure basée graphes	13
programmer synthèse de tweets	13
technique informatique sélection tweets	13
informatique procédure basée graphes	13
construction programmée de synthèse	13
construction programmée de synthèse en informatique	13
technique de construction programmée de synthèse en informatique	13
techniques informatiques	13
informatique cosntruction programmée	13
modèle vectoriel recherche d'information	14
big data	10
mrophologie de texte	11
morphologie de texte informatique	11
n-grammes	11
analyse de texte morphologie ou ressources externes	11
programme détecteur plagiat	11
créer programme détecteur plagiat	11
word embedding	11
méthodologie d'analyse de texte	11
méthodologie d'analyse de texte informatique	11
analyse de texte informatique	11
méthodologie d'analyse de texte informatique	11
méthodologie d'analyse de texte	11
word embedding	11
tri de carte site web	1
site web persona ad hoc primaire	2
vulgarisation psychologie cognitive	2
sitevulgarisation psychologie cognitive	2
site vulgarisation psychologie cognitive	2
site vulgarisation psychologie public	2
persona primaire	2
ad hoc persona	2
psychologie expérience bruit et sommeil sur concentration, panneau lumières et boutons	3
psychologie expérience bruit et sommeil sur concentration, panneauet boutons	3
psychologie expérience bruit et sommeil sur concentration, panneau boutons	3
expérience bruit et sommeil sur concentration, panneau boutons	3
experiment noise sleep concentration	3
traduction	3
experiment noise sleep concentration sign light	3
experiment noise sleep concentration sign light button	3
experiment concentration material sign light button	3
experiment sleep material sign light button	3
experiment sleep and noise effect on concentration material sign light button	3
a muzet sommeil	3
experiment sleep and noise effect on concentration material sign light button	3
effect of noise and sleep on concentration	3
effect of noise and sleep lights butoons	3
effect noise sleep lights buttons	3
effect noise sleep on concentration	3
effects noise sleep sign lights	3
effects noise sleep on attention	3
effects noise sleep sign lights	3
noise sleep sign lights	3
noise sleep attention	3
hypothèse de modularité psychologie	4
les représentations mentales	0
différentes formes de représentations mentales	0
fibrillation auriculaire	6
avc non sequellaire	6
fibrillation auriculaire	6
avc hemorragique traitement	6
douleur de l'hypochondre gauche	7
hypodensité splénique	7
lupus cutané	7
lupus abcès rate	7
lupus nodule splénique	7
nodule splénique rate	7
lupus splénique	7
adénopathies	7
lupus splénique	7
bilan biologique	7
polyglobulie	7
polyglobulie rate	7
polyglobulie lupus	7
polyglobulie hypodensité splénique	7
polyglobulie	7
polyglobulie hypodensité splénique	7
diagnostic hypodensité splénique	7
lupus immunodepression	7
diagnostic hypodensité splénique	7
dermatite papule	8
hyponatrémie sévère valeur	9
endométriose	5
méthodologie d'analyse de texte programmation	11
méthodologie d'analyse de texte programme detection  plagiat	11
méthodologie d'analyse de texte programme	11
analyse de texte par morphologie	11
analyse morphologique linguistique	11
analyse morphologique n grammes	11
n gramme python	11
n gramme logiciel détection plagiat	11
ressource de transcription langage sms	12
technique de synthèse programmée procédure basée graphes	13
technique de construction programmée de synthèse procédure basée graphes	13
technique de construction programmée de synthèse graphes	13
technique de construction programmée de synthèse de tweets	13
programme synthèse de tweets basé graphe	13
théorie des graphes twitter	13
graphes programmés synthèse tweets	13
méthodes d’aspiration des « flux » d’échanges	13
méthodes d'aspiration des « flux » twitter	13
Rieder, 2012	13
technique d'analyse de tweets	13
technique d'analyse de tweets graphes	13
classification hiérarchique descendante	13
modèle vectoriel de recherche d'informations	14
big data	10
hyponatrémie sévère valeur	9
hyponatrémie sévère valeur	9
hyponatrémie sévère valeur seuil	9
hyponatrémie symptomes	9
hyponatrémie sévère valeur seuil	9
hyponatremie severe symptomes	9
hyponatrémie sévère à partir de combien	9
endométriose	5
traitement anticoagulant "avc non séquellaire"	6
traitement anticoagulant "fibrillation auriculaire"	6
traitement anticoagulant fibrillation auriculaire	6
traitement anticoagulant fibrillation auriculaire	6
douleurs hypochondre gauche	7
douleur hypochondre gauche diagnostic différentiel	7
douleur hypochondre gauche diagnostic	7
douleur hypochondre gauche lupus	7
hypochondre gauche "lupus cutané"	7
hypochondre gauche "lupus cutané" "polyglobulie"	7
diagnostic "hypodensités spléniques"	7
hypocondre gauche "hypodensités spléniques"	7
hypochondre gauche "hypodensités spléniques"	7
hypochondre gauche hypodensités spléniques diagnostic	7
infarctus splénique	7
hypochondre gauche hypodensités spléniques diagnostic	7
hypochondre gauche "hypodensités spléniques"	7
hypochondre gauche	7
infarctus splénique symptômes	7
infarctus splénique diagnostic	7
infarctus splénique wikipedia	7
infarctus splénique definition	7
infarctus splénique bilan	7
infarctus splénique bilan biologique	7
infarctus splénique "bilan biologique normal"	7
hypodensités rate	7
nodule splenique definition	7
hypodensité définition	7
polyglobulie definition	7
lupus cutané definition	7
lupus cutané definition	7
lupus symptome	7
lupus systématique diagnostic	7
lupus systémique AND polyglobulie	7
lupus systémique étiologie	7
lésions dermatite papules	8
dermatite papules	8
papules dermiques	8
papules dermiques adénopathies	8
adénopathies	8
adénopathies dermatite	8
adénopathies diagnostic différentiel	8
dermatite transitoire	8
dermatite transitoire adénopathies	8
dermatite transitoire	8
adrénopathies enfant	8
adénopathies enfant papules	8
modèle vectoriel recherche d'information	14
modèle vectoriel recherche d'information inventé par	14
rivest shamir adleman	14
rivest shamir adleman modèle vectoriel	14
le modèle vectoriel recherche d'information	14
le "modèle vectoriel de recherche d'information"	14
modèle vectoriel de recherche d'information	14
le big fata	10
détection plagiat n-grammes	11
word embedding	11
detection plagiat word embeddings	11
convertir sms en langage soutenu	12
construction programmée de synthèse "basée graphes"	13
construction programmée de synthèse	13
construction programmée de synthèse "basée graphes"	13
synthèse de tweets	13
procédure basée graphes	13
procédure basée graphes	13
synthèse texte programmée	13
synthèse texte programmation	13
synthetizing text programmating	13
synthetizing tweets programming	13
programming graph procedure	13
graph based programming	13
technique de construction programmée de synthèse de tweets	13
hypothèse de la modularité	4
psychologie représentations mentales	0
tri de cartes ouvert fermé	1
tri de cartes et ergonomie web	1
tri de cartes et ergonomie web méthodes	1
ux design ouvert fermé physique informatisé	1
persona ad-hoc primaire	2
noise sleep concentration	3
noise sleep effects on attention	3
noise AND sleep AND attention	3
Effet du bruit et du sommeil sur la concentration	3
aechipel	3
Effet du bruit et du sommeil sur la concentration	3
Bruit sommeil concentration	3
concentration	3
Hypothese modularité	4
les formes de representation mentales	0
les formes des representations mentales	0
méthodologie de tri de cartes	1
persona ad hoc primaire	2
dermatite papules adénopathies	8
dermatose	8
adenopathites	8
adénopathies	8
valeur d'une hyponatrémie severe	9
endométriose	5
AVC non séquellaire fibrilation auriculaire traitement	6
hypochondre  hypodensité splenique	7
splenomégalie	7
technique de construction programmée de synthese de tweets Graphes	13
technique de construction programmée de synthese de tweets procedure graphiques	13
modele vectoriel de recherche d'information	14
le big data	10
type d'analyse de plagiat	11
technique d'analyse pour le developpement d'un logiciel anti plagiat	11
méthodologie qui permet de transcrire un text avec langage familier a langage soutenu	12
méthodologie qui permet de transcrire un langage familier a soutenu	12
méthodologie pour transcrire un langage familier a soutenu	12
transcrire un langage familier a soutenu	12
les diverses formes de représentations mentales	0
méthode de tri de cartes	1
avantages et inconvénients de tri de cartes	1
avantages et inconvénients de tri de carte ouvert	1
tri de carte ouvert	1
tri de carte	1
tri de carte carine lallemand	1
tri de carte inconvénients	1
Persona ad-hoc	2
l'effet du bruit et de sommeil	3
étude l'effet du bruit et de sommeil	3
l'effet du bruit et de sommeil	3
effet du bruit et du sommeil	3
effet du bruit et du sommeil sur la concentration	3
l'effet du bruit et de sommeil	3
étude bruit et sommeil sur la concentration	3
étude bruit et sommeil sur la concentration	3
Chercheur étude bruit et concentration	3
étude effet du bruit et du sommeil sur la concentration	3
schéma effet de serre	3
étude effet du bruit et du sommeil sur la concentration	3
l'hypothèse de la modularité	4
l'hypothèse de la modularité auteur	4
l'endométriose	5
traitement anticoagulant	6
traitement anticoagulant benefice	6
fibrillation auriculaire	6
hypothèses étiologique	7
hypodensité splénique	7
lupus cutané	7
polyglobule	7
antalgique palier 1	7
dermatite	8
papule	8
adénopathie	8
dermatite papules et adénopathie	8
hyponatrémie sévère valeur	9
big data	10
big data definition	10
morphologie texte	11
langage SMS	12
ressources en informatique	12
transcription langage SMS en langage bien formé	12
technique de construction programmé	13
technique de construction programmé en informatique	13
technique de construction programmée de synthèse en informatique	13
procedure basée graphes	13
utiliser une procedure de graphe basée	13
utiliser une procedure de graphe basée pour une synthèse de tweets	13
technique de construction programmée de synthèse	13
technique de construction programmée de synthèse en informatique	13
modèle vectoriel recherche d'information	14
modèle vectoriel recherche d'information nom du chercheur	14
inventeur du modèle vectoriel recherche d'information	14
fibrillation auriculaire	6
traitement anticoagulant après avc	6
traitement anticoagulant et arytmie	6
traitement anticoagulant et arythmie cardiaque	6
hypocondre	7
antalgiques palier 1	7
lupus cutané	7
polyglobulie	7
hypodensités spléniques	7
bilan biologique	7
scanner abdomino-pelvien	7
hypodensités spléniques	7
dermatite	8
dermatite brutale et transitoire	8
papule	8
adénopathies	8
hyponatrémie sévère	9
hyponatrémie valeur	9
endométriose	5
n-gramme	11
n-gram python	11
développer un programme anti-plagiat	11
qu'utuilise les logiciel anti-plagiat	11
qu'utilise les logiciel anti-plagiat	11
word embbedings	11
logiciel de transcription sms	12
logiciel de correction orthographique	12
transcription langage sms	12
procédure basée graphe	13
comment faire une synthèse d'information sur internet	13
programme de synthèse bayésien	13
programme de synthèse basée graphe	13
programme de synthèse d'information sur un même sujet	13
technique de synthèse en programmation	13
technique de synthèse basé graphe en programmation	13
modele vectoriel de recherche d'information	14
modele vectoriel de recherche d'information inventeur	14
inventeur du modèle vectoriel de RI	14
inventeur d'internet	14
modele vectoriel de recherche d'information	14
le Big Data	10
méthodologie de tri de carte en conception web	1
persona ad-hoc primaire	2
persona ad-hoc	2
persona primaire	2
effet du bruit et du sommeil sur la concentration	3
étude sur bruit, sommeil et concentration	3
étude pionnière sur bruit, sommeil et concentration	3
étude sur bruit, sommeil et concentration	3
auteur hypothèse de la modularité	4
auteur hypothèse de la modularité ergonomie	4
représentations mentales	0
douleur hypochondre gauche	7
douleur hypochondre gauche hypodensités spléniques	7
dermatite transitoire	8
adénopathie	8
dermatite	8
dermatite papules	8
dermatite papules adénopathie	8
dermatite papules adénopathie acnée	8
dermatite papules adénopathie acne	8
valeur hyponatrémie sévère	9
endométriose	5
avc non sequellaire	6
non séquellaire	6
avc anticoagulant 80 ANS	6
RESSOURCE transcription langage sms	12
ressource transcription langage sms	12
programme de transcription sms texte	12
programme de transcription sms texte développer	12
programme de transcription sms texte	12
ressource transcription langage sms	12
algorithme transcription sms	12
développer algorithme transcription sms	12
développer algorithme transcription sms java	12
développer algorithme transcription sms	12
algorithme transcription sms	12
programmer logiciel de transcription	12
procédure basée graphes synthèse texte	13
procédure basée graphes booléen	13
procédure basée graphes conecteur booléen	13
procédure basée graphes opérateur booléen	13
graphes opérateur booléen	13
technique de synthèse de texte basée graphe	13
technique de synthèse de mot basée graphe	13
procédure basée graphes	13
algorithme de recherche des composantes connexes d'un graphe	13
modèle vectoriel recherche d'information	14
big data	10
analyse de textes morphologie texte ressources externes	11
analyse de textes morphologie	11
analyse de textes morphologie de texte	11
programme détection plagiat	11
programme morphologie du texte	11
morphologie du texte	11
analyse morphologique d'un mot	11
analyse morphologique d'un texte	11
analyse de textes ressources extérieures	11
thesaurus	11
word embeddings	11
word embedding explication	11
persona ad hoc	2
persona ad hoc primaire	2
persona ad hoc primaire  conception	2
persona ad hoc conception	2
vulgarisation psychologie cognitive	2
vulgarisation psychologie cognitive metz	2
vulgarisation psychologie metz	2
vulgarisation metz	2
vulgarisation scientifique	2
vulgarisation scientifique forum	2
vulgarisation scientifique persona	2
vulgarisation persona	2
vulgarisation psychologie persona	2
persona had oc	2
persona ad hoc cairn	2
person a ad hoc	2
persona ad hoc cairn	2
persona ad hoc	2
persona	2
persona priamire	2
persona primaire	2
effet bruit et sommeil sur la concentration	3
paradigme bruit sommeil concentration	3
influence bruit et sommeil sur la concentration	3
relation bruit sommeil concentration	3
bruit sommeil	3
bruit sommeil concentration	3
noise sleep concentration	3
noise sleep concentration light button	3
noise sleep concentration experiment	3
noise and sleep on "concentration"	3
noise sleep effect	3
noise sleep concentration	3
noise sleep concentration empiric stud	3
noise sleep concentration empiric study	3
noise sleep concentration empirical study	3
noise sleep concentration study	3
effet bruit sur concentration panneau lumière	3
effet bruit sur concentration panneau lumière etude princeps	3
étude princeps sommeil concentration	3
étude princeps sommeil concentration psychologie	3
effet bruit et sommeil sur concentration	3
effet bruit  sur concentration	3
effet bruit et sommeil sur concentration	3
effet bruit et sommeil sur concentration etude empirique	3
impactebruit et sommeil sur concentration etude empirique	3
impact bruit et sommeil sur concentration etude empirique	3
hypothèse modularité	4
hypothèse modularité auteur	4
représentation mentale	0
représentation mentale	0
représentation mentale psychologie cognitive	0
représentation mentale psychologie	0
représentation mentale piaget	0
représentation mentale forme	0
représentation mentale sociale	0
représentation mentale	0
représentation mentale individu	0
représentation mentale	0
représentation mentale travail	0
représentation mentale caracteristiques	0
représentation mentale caracteristiques	0
représentation mentale travail	0
représentation mentale	0
représentation mentale individu	0
représentation mentale	0
représentation mentale sociale	0
représentation mentale forme	0
représentation mentale piaget	0
représentation mentale psychologie	0
représentation mentale psychologie cognitive	0
représentation mentale	0
représentation mentale caracteristiques	0
trie de cartes ouvert fermé physique informatisée	1
dermatite brutale et transitoire	8
dermatite	8
papule	8
adénopathies	8
dermatite adénopathies	8
dermatite	8
adénopathies	8
dermatite	8
adénopathie	8
adénopathie cause	8
dermatite séborrhéique	8
dermatite herpétiforme	8
hyponatrémie	9
hyponatrémie sévère	9
valeur hyponatrémie sévère	9
hyponatrémie sévère	9
endométriose	5
avc non sequellaire	6
fibrillation auriculaire	6
hypochondre gauche	7
antalgiques de palier 1	7
lupus cutané	7
polyglobulie	7
hypodensité splénique	7
hypodensité splénique étiologie	7
infarctus splénique	7
lupus cutané étiologie	7
polyglobulie étiologie	7
lupus cutané étiologie	7
infarctus splénique	7
hypodensité splénique étiologie	7
hémangiome	7
hémangiome splénique	7
hémangiome	7
hypodensité splénique étiologie	7
technique de construction programmée	13
procédure basée graphes	13
informatique procédure basée graphes	13
deeplearning	13
machine learning	13
modele vectoriel de recherche d'information	14
big data	10
big data everipedia	10
everipedia	10
big data brave browser	10
everipedia	10
n-grammes	11
analyse de texte	11
analyse numérique de texte	11
text mining plagiarism detection	11
Intrinsic Plagiarism Detection Using Character n-gram Profiles by Efstathios Stamatatos	11
text mining plagiarism detection	11
analyse numérique de texte	11
text mining plagiarism detection	11
analyse numérique de texte	11
analyse de texte	11
text mining plagiarism detection	11
créer une ressourcerie	12
créer une ressource	12
créer une ressource office 365	12
créer une ressource transcription texte	12
ressource transcription texte sms	12
noise and sleep impact on concentration	3
noise and sleep impact on focus	3
sleep impact on focus	3
noise and sleep impact on focus	3
archipel	3
effet du bruit et du sommeil sur la concentration	3
effet du bruit et du sommeil sur la concentration	3
Lukas JS. Noise and sleep: a literature review and a proposedcriterion for assessing effect. J Acoust Soc Am 1976	3
hypothèse de la modularité	4
modularity hypothesis	4
représentations mentales	0
tri de cartes et ergonomie web	1
persona ad-hoc primaire	2
revenu chercheur	2
revenu chercheur sciences humaines	2
revenu chercheur	2
fibrillation auriculaire	6
fibrillation auriculaire chutes	6
fibrillation auriculaire	6
fibrillation auriculaire chutes	6
hyponatrémie sévère	9
hyponatrémie sévère valeur	9
hypocondre gauche	7
hypocondre gauche causes	7
antalgiques de palier 1	7
lupus cutané definition	7
polyglobulie	7
conséquence surplus globues rouges	7
hypodensités spléniques	7
conséquence surplus globues rouges	7
polyglobulie	7
lupus cutané definition	7
conséquence surplus globues rouges	7
hypodensités spléniques	7
occlusion de l'artère splénique	7
hypodensités spléniques	7
conséquence surplus globues rouges	7
hypodensités spléniques	7
infarctus splénique cause	7
dermatite	8
papules	8
papules dermatite	8
adénopathies	8
papules dermatite	8
papules	8
dermatite causes	8
dermatite brutale et transitoire causes	8
dermatite brutale et transitoir	8
dermatite brutale et transitoire causes	8
dermatite causes	8
adénopathie	8
dermatite causes	8
papules	8
dermatite	8
papules	8
dermatite causes	8
adénopathie	8
papule dermatite	8
papule cause	8
endométriose	5
n-grammes	11
thesaurus	11
word embedding	11
analyse de texte plagiat méthode	11
modèle vectoriel	14
transcription SMS en texte classique	12
transcription langage SMS en texte classique	12
procédure de synthèse basée graphes	13
procédure basée graphes	13
procédure de synthèse basée graphes	13
technique de synthèse de texte	13
technique de construction programmée de synthèse	13
technique de construction programmée de synthèse de texte	13
procédure synthèse de texte	13
procédure basée graphe synthèse de texte	13
big data	10
tri de catres	1
hypothèse de la modularité	4
persona ad-hoc primaire	2
effet du bruit et du sommeil sur la concentration	3
noise and sleep on focus	3
effect of noise on focus	3
effet du bruit et du sommeil sur la concentration	3
effect of noise on focus	3
noise and sleep on focus	3
étude sommeil concentration	3
étude bruit sommeil concentration	3
ohrström E sleep and noise	3
représentations mentales	0
hyponatrémie sévère	9
l'endométriose	5
avc séquellaire	6
avc non séquellaire	6
traitement anticoagulant	6
traitement anticoagulant pour avc non sequellaire	6
traitement anticoagulant pour avc non séquellaire	6
traitement fibrillation auricullaire	6
douleurs de l'hypcondre gauche	7
lupus cutané	7
polyglobulie	7
hypodensité spléniques	7
hypocondres gauches	7
lupus cutané	7
polyglobulie	7
hypodensité spléniques	7
hypochondre gauche	7
dermatite brutale et transitoire	8
papules	8
adénopathie	8
dermatite	8
modele vectoriel de recherche d'information	14
modele vectoriel de recherche d'information créateur	14
big data	10
utilisation simple morphologie du texte	11
n-grammes	11
words embeddings	11
thesaurus	11
retranscrire un langage sms	12
créer des raccourcis langage sms	12
comment créer des raccourcis en dev	12
comment créer des raccourcis de langage en dev	12
construction programmée de synthèse de tweet	13
synthèse de tweet	13
synthèse de tweet basée graphes	13
hypothèse de la modulartié	4
les représentations sociales	0
les représentations sociales lo monaco	0
les représentations sociales noyau centrale	0
notion "de trie de cartes"	1
notion "de trie de cartes ouvert"	1
notion "de trie de cartes physique"	1
persona ad-hoc	2
persona primaaire	2
étude sur l'effet du bruit et du sommeil sur la concentration	3
étude sur l'effet du bruit et du sommeil sur la concentration avec un panneau, des lumières et des boutons	3
cairn	3
étude sur l'effet du bruit et du sommeil	3
cairn	3
étude bruit sommeil concentration panneau	3
étudeeffet du  bruits sur sommeil concentration panneau lumières et boutons	3
étudeeffet du  bruits sur sommeil concentration panneau, lumières et boutons	3
étude effet du bruits sur sommeil concentration panneau, lumières et boutons	3
étude effet du bruits sur sommeil concentration	3
étude effet du bruits sur sommeil et concentration	3
endo	5
endométriose	5
avc non séquellaire	6
fibrillation auriculaire	6
contre indication traitement anticoagulant	6
hypochondre	7
lupus cutané	7
polyglobulie	7
lupus cutané	7
polyglobluie	7
hypodensité splénique	7
adénopathie	8
dermatite brutale et transitoire	8
papule	8
papule et dermatite	8
papule dermatite adénopathie	8
Psoriasis papule	8
hyponatrémie sévère	9
seuil hyponatrémie sévère	9
big data définition	10
développer programme anti-plagiat méthodologie analyse du texte	11
programmation méthodologie analyse du texte	11
programmation  analyse du texte	11
programmation TAL méthodologie	11
programmation TAL méthodologie mot ou thesaurus	11
logiciel traduction sms vers écrit	12
construire logiciel traduction	12
construire logiciel de traduction	12
technique de programmation de synthèse	13
programmation synthèse automatique	13
technique programmation procédure basé graphe	13
Modèle vectoriel de recherche d'information	14
différentes formes des représentations mentale	0
représentation mentale schéma	0
tri de carte lallemand	1
tri de carte usabilis	1
podcast psychologie cognitive	2
vulgarisation psychologie cognitive	2
la vulgaridation, quel public	2
la vulgarisation psychologie, quel public	2
vulgariser pour qui	2
étude effet des distracteurs sur la concentration	3
étude effet des distracteurs sur l'attention	3
étude effet du bruit et fatigue sur l'attention	3
étude effet du bruit et sommeil sur concentration	3
étude psychologie effet du bruit et sommeil sur concentration	3
étude psychologie effet distracteurs sur concentration	3
étude psychologie effet distracteurs sur concentration panneau lumiere bouton	3
étude psychologie effet distracteurs sur concentration j f Richard	3
expérience psychologie distraction	3
effet sommeil et bruit sur concentration	3
hypothèse de la modularité	4
modularité fodor	4
avc traitement anticoagulant	6
avc traitement anticoagulant fibrillation auriculaire	6
douleur hypochondre gauche	7
douleur hypochondre gauche polyglobulie	7
douleur hypochondre gauche hypodensité plénique	7
douleur hypochondre gauche hypodensité splénique	7
dermatite transitoire papules	8
dermatite transitoire adénopathie	8
hyponatrémie sévère valeur	9
endométriose	5
logiciel plagiat méthode d'analyse	11
logiciel plagiat méthode d'analyse morphologique	11
logiciel plagiat méthode d'analyse	11
logiciel plagiat méthode d'analyse externe	11
transcrire texte langage sms	12
procédure synthèse graphes	13
théorie des graphes informatique	13
théorie des graphes informatique synthèse texte	13
synthèse texte procédure graphe	13
synthèse texte procédure graphes	13
modèle vectoriel recherche d'information	14
Big data	10
tri de carte ouvert	1
persona ad hoc	2
persona ad hoc primaire	2
étude effet bruit sommeil	3
étude effet bruit sommeil panneau lumière bouton	3
étude effet bruit sommeil concentration panneau lumière bouton	3
étude effet bruit sommeil concentration	3
effet bruit sommeil concentration	3
effet bruit sommeil concentration étude	3
étude concentration lumière bouton	3
effet du bruit et du sommeil	3
effet du bruit et du sommeil  concentration	3
hypothèse de modularité	4
module psychologie cognitive	4
modularité psychologie cognitive	4
formes de représentation mentales	0
hyopthèse etiologique	7
douleur hypochondre gauche antécédents polyglobulie	7
densité splénique scanner abdomino pelvien	7
douleur hypochondre gauche antécédents polyglobulie	7
splénomégalie	7
hypodensité splenique	7
nodule splenique definition	7
hypodensité splenique definition	7
lupus cutané	7
dermatite avec papules et adenopahties	8
dermatite avec papules et adénopathies	8
adénopathies	8
dermatoses infectieuses	8
dermatite adenopathie	8
hyponatrémie sévère	9
hyponatrémie sévère valeur normale	9
hyponatrémie sévère valeur	9
endométriose cause	5
endométriose traitement chirurgical	5
traitement anticoagulant post avc	6
AVC non séquellaire	6
AVC anticoagulant ou pas anticoagulant	6
transcription texte sms	12
transcription texte sms en lanagge bien formé	12
transcription texte sms en langage bien formé	12
logiciel de transcription texte sms en texte bien	12
créer une ressource informatique de transcription texte	12
tal informatique méthodologie	12
logiciel perl méthodologie	12
technique de construction programmée de synthèse de tweets	13
technique de construction programmée de synthèse de tweets informatique	13
inventeur du modele vectoriel de recherche d'information	14
big data def	10
programme détecteur de plagiat	11
programme détecteur de plagiat avec utilisation de ressources externes	11
programme détection de plagiat	11
programme détection de plagiat methode	11
persona ad hoc étudiant	2
étude effet du bruit sommeil et concentration	3
chercheur étude effet du bruit sommeil et concentration	3
chercheur étude effet du bruit et sommeil sur concentration	3
chercheur étude effet du bruit  sur concentration	3
étude effet du bruit  sur concentration panneau bouton lumière	3
étude originale effet du bruit sur concentration	3
étude originale effet du bruit sur concentration chercheur	3
étude originale effet du bruit sur concentration chercheur joahnnes ziegler	3
effet bruit et sommeil sur concentration	3
effet bruit sur concentration panneau lumière	3
hypothèse modularité auteur	4
représentation mentale	0
représentation mentale psychologie cognitive	0
tri de carte ouvert ou fermé	1
dermanite avec papules et adénopzthies	8
dermanite	8
dermanite médecine	8
papule	8
adénopathie	8
adénopathie papules eczéma	8
valeur d'une hyponatrémie sévère	9
endométriose	5
avc non séquellaire avec fibrillation auriculaire	6
avc fibrillation auriculaire anticoagulant	6
ischémie cérébrale.	6
avc fibrillation auriculaire anticoagulant	6
avc anticoagulant contre indication	6
avc anticoagulant	6
AVC ischémique aigu	6
avc anticoagulant	6
prise anticoagulant combien de temps après avc	6
avc anticoagulant	6
avc anticoagulant contre indication	6
avc fibrillation auriculaire anticoagulant	6
douleurs de l'hypochondre gauche avec hypodensités spléniques	7
douleurs de l'hypochondre gauche avec hypodensités spléniques lupus	7
douleurs de l'hypochondre gauche avec hypodensités spléniques lupus cutané	7
douleurs de l'hypochondre gauche avec hypodensités spléniques	7
pathologie splénique	7
hypodensités spléniques	7
hypodensités	7
hypodensité définition	7
hypodensités	7
hypodensités spléniques	7
infarctus splénique	7
infarctus splénique hypodensités	7
infarctus splénique antécédants lupus polyglubie	7
fracture rate antécédants lupus polyglubie	7
torsion arte antécédants lupus polyglubie	7
torsion rate antécédants lupus polyglubie	7
abces rate antécédents lupus polyglobulie	7
splénomégalie	7
splénomégalie hypodensités spléniques	7
amylose	7
amylose lupus polyglobulie	7
hypodensités spléniques	7
angiome splénique definition	7
hypodensités spléniques	7
hypodensités spléniques définition	7
hypodensités spléniques définition	7
hypodensités	7
hypodensités def	7
hypodensité défnition	7
hypodensités def	7
technique de construction programmée de synthèse de tweet	13
technique de construction programmée de synthèse de tweet procédure basée graphes	13
technique synthèse de tweet procédure basée graphes	13
informatique technique synthèse de tweet procédure basée graphes	13
construction programmée de synthèse de tweet procédure basée graphes	13
gephi	13
construction programmée de synthèse de tweet procédure basée graphes	13
gephi twitter	13
gephi technique construction programmée synthèse tweet	13
g construction programmée synthèse tweet	13
construction programmée synthèse tweet	13
informatique construction programmée synthèse tweet	13
logiciel construction programmée synthèse tweet	13
construction programmée synthèse tweet graphe	13
inventeur modèle vectoriel de recherche d'info	14
modèle vectoriel de recherche d'informatino	14
big data	10
développement d'un programme détecteur de plagiat	11
thesaurus	11
logiciel détecteur plagiat morphologie du texte ressources externes	11
analyse de texte  morphologie du texte ressources externes	11
logiciel détecteur plagiat morphologie du texte ressources externes	11
logiciel détecteur plagiat utilisation simple de la morphologie du texte	11
logiciel détecteur plagiat utilisation de ressources externes	11
word embedding	11
développement d'un outil de transcription d'un texte au langage sms verslangage bien formé	12
développement d'un outil de transcription du langage sms au langage bien formé	12
développement d un outil de correction d'orthographe	12
développement d'un logiciel de correction d'orthographe	12
tutp développement d'un logiciel de correction d'orthographe	12
tuto développement d'un logiciel de correction d'orthographe	12
tuto développement d'un logiciel tal de correction d'orthographe	12
tuto développement d'un logiciel tal	12
étude effet du bruit et du sommeil et la concentration	3
effet du bruit et du sommeil sur la concentration	3
étude effet sommeil sur la concentration	3
étude effet sommeil sur la concentration panneau lumière bouton	3
étude effet du bruit sur la concentration	3
étude effet du bruit et sommeil sur la concentration	3
hypothèse de la modularité	4
représentations mentales psychologie	0
représentations mentales psychologie cognitive	0
fonctions des représentations mentales psychologie cognitive	0
représentations mentales	0
ux design tri de carte	1
persona ad hoc	2
utilisateur des podcast	2
avc non sequellaire	6
avc fibrillation auriculaire	6
avc non sequellaire	6
anticoagulant effet secondaire	6
hyponathre,ie severe	9
hyponatrémie severe valeur	9
douleur hypochondre droit	7
douleur hypochondre gauche	7
douleur hypochondre gauche + polyglobulie	7
polyglobulie	7
lupus cutane	7
hypodense splenic lesion radiology	7
hypodensite splenique	7
splenique definition	7
rate définition	7
splenique definition	7
hypodensite splenique	7
hypodense splenic lesion radiology	7
lupus cutane	7
polyglobulie	7
hypodense splenic lesion radiology	7
hypodensite splenique	7
hypodense splenic lesion radiology	7
lupus cutane	7
polyglobulie	7
polyglobulie + rate	7
polyglobulie	7
polyglobulie + douleur hypochondre	7
polyglobulie splenomegalie	7
polyglobulie + douleur hypochondre	7
polyglobulie	7
polyglobulie splenomegalie	7
papule et dermatite et adebioathie	8
papule et dermatite et adénopathie	8
papules dermiques	8
adenopathie	8
adenopathie jeune	8
adénopathies + dermatite papuleuse	8
endométriose	5
word embedding	11
thesaurus	11
morphologie du texte	11
meuilleir fqcon de faire antiplagiat	11
morphologie du texte	11
modèle vectoriel recherche d'information	14
language s,s	12
langage sms	12
retrascription texte	12
retranscrire un sms en texte	12
langage sms	12
techniques de construction programmée	13
techniques de construction programmée de synyhese des texte sur un sujet	13
techniques de construction programmée de synthèse des texte	13
construction programmée de synthèse des texte	13
construction programmée de synthèse des texte + procedure basee graphe	13
construction programmée de synthèse des tweets + procedure basee graphe	13
analyse discours + procedure basee graphe	13
analyse discours + graphes	13
théorie des graphes analyse	13
big data définition	10
big data pros and cons	10
conception + methode trie de carte	1
conception + methode trie de carte + ouvert	1
hypothese de la modularite	4
persona ad-hoc p^rimaire	2
vulgarisation psychologie cognitive	2
podcast prychologie publiquer	2
podcast utilisateurs	2
podcast utilisateurs age	2
qui s interesse a la psychologie	2
etudiant psychologie france par sexe	2
etudiant psychologie france par sexe statistoaue	2
etudiant psychologie	2
etudiant psychologie hoomme vs fe,mme	2
etudiant psychologie par genre	2
etudiant psychologie hoomme vs fe,mme	2
le choix d etude et le genre	2
le choix d etude et le genre wiki	2
le choix d etude et le genre	2
csp +	2
csp + signification	2
etude sur l effet du bruit et du so,,eil sur la concentration	3
etude sur l'effet du bruit et du soleil sur la concentration	3
etude sur l'effet du bruit et du soleil sur la concentration scholar	3
etude sur l'effet du bruit et du soleil sur la concentration + scholar	3
etude sur l'effet du bruit et du soleil sur la concentration pdf	3
etude scientifique l'effet du bruit et du soleil sur la concentration pdf	3
etude scientifique l'effet du bruit et du soleil sur la concentration	3
etude scientifique psychologie sur l'effet du bruit et du soleil sur la concentration	3
etude scientifique psychologie sur l'effet du bruit et du sommeil sur la concentration	3
etude scientifique + psychologie + bruit + sommeil + concentration	3
etude scientifique + psychologie + bruit + sommeil + concentration + tache	3
Psychologie + concentration + noice + sommeil	3
Psychologie + concentration + noice +	3
Psychologie + concentration + noice + sommeil	3
etude scientifique + psychologie + bruit + sommeil + concentration + tache	3
etude scientifique + psychologie + bruit + sommeil + concentration	3
etude scientifique + psychologie + bruit + sommeil + concentration + panneau + lu,ieres + bouton	3
Quel auteur en psycholgoie a fait une etude sur l'effet bruit et sommeil sur concentration utilissanr panneau et lunieres et bouton	3
etude sur l'effet bruit et sommeil sur concentration	3
etude sur l'effet bruit et sommeil sur concentration auteur	3
sommeil + concentration + etude psychologie	3
sommeil + concentration + etude + psychologie	3
sommeil + concentration + etude + psychologie + gogole scholar	3
sommeil + concentration + etude scientifique + psychologie	3
concentration + etude scientifique + psychologie	3
concentration + bruit + etude scientifique + psychologie	3
representatuion mentale	0
representation mentale wiki	0
representation mentale typologie	0
representation mentale formes	0
representation mentale	0
representation mental pdf	0
modèle vectoriel recherche d'information	14
big data	10
programme détecteur de plagiat morphologie texte	11
développer programme détecteur de plagiat	11
méthodologie analyse de texte morphologie texte	11
méthodologie analyse de texte	11
analyse de texte par morphologie texte	11
analyse morphologie texte avantages	11
analyse morphologie texte ou utilisation thesaurus	11
analyse de texte differente méthodes	11
analyse de texte	11
analyse de texte thesaurus	11
analyse de texte thesaurus avantage et inconvenient	11
avantage inconvénient thésaurus	11
avantage inconvénient analyse morphologique texte	11
logiciel transcription langage sms	12
logiciel transcription langage sms en langage normal	12
technique de construction programmée de synthèse de tweet	13
procédure basée graphe	13
procédure basée graphe technique	13
procédure basée graphe technique synthese tweet	13
technique synthese tweet	13
technique synthese tweet procedure basée graphe	13
technique synthese procedure basée graphe	13
technique synthese programmée procedure basée graphe	13
technique synthese programmée basée graphe	13
synthese basée graphe	13
technique de construction programée de synthèse	13
technique de synthèse basée graphe	13
technique de synthèse basée graphe tweeter	13
hypothèse de modularité	4
les représentations mentales en psychologie	0
méthodologie de tri de cartes	1
méthodologie de tri de cartes ouverts ou fermés	1
persona ad hoc primaire	2
persona ad hoc primaire definition	2
persona ad hoc primaire différent secondaire	2
persona ad hoc primaire différent	2
persona ad hoc primaire	2
persona	2
persona ad hoc	2
persona ad hoc primaire	2
bruit sommeil concentration	3
effet bruit sommeil sur concentration	3
bruit sommeil concentration	3
bruit sommeil concentration panneau	3
bruit concentrations	3
bruit concentration	3
bruit concentration sommeil	3
bruit concentration	3
bruit sommeil concentration panneau	3
bruit sommeil concentration	3
effet du bruit et sommeil sur la concentration	3
bruit et sommeil sur concentration	3
sommeil sur concentration	3
sommeil oncentration	3
sommeil concentration	3
bruitconcentration	3
bruit concentration	3
effets bruit concentration	3
sommeil bruit concentration lumières	3
sommeil bruit concentration	3
effet du bruit et du sommeil sur concentration	3
lumière sommeil sur concentration	3
lumière sommeil bruit	3
lumière sommeil bruit	3
matériel panneau bouton lumières	3
matériel panneau bouton lumières sommeil	3
matériel panneau bouton lumières	3
lumière sommeil bruit	3
lumière sommeil sur concentration	3
effet du bruit et du sommeil sur concentration	3
sommeil bruit concentration	3
sommeil bruit concentration lumières	3
effets bruit concentration	3
bruitconcentration	3
sommeil concentration	3
sommeil oncentration	3
sommeil sur concentration	3
bruit et sommeil sur concentration	3
effet du bruit et sommeil sur la concentration	3
étude someil et bruit matériel lumières	3
bruit et sommeil sur concentration	3
sommeil sur concentration	3
effet sommeil sur concentration	3
[5] Carter, N.L., Transportation noise, sleep, and possible after-effects. Environm. Internat	3
bruit sommeil eog	3
hyponatrémie sévére	9
hyponatrémie sévére valeur	9
endométriose	5
fibrillation auriculaire	6
anticoagulant avantage risque	6
anticoagulant bénficesrisque	6
thromboembolique	6
hypochondre gauche	7
hypochondre gauche definition	7
hypothèse étiologique	7
polyglobulie	7
lupus	7
lupus cutané	7
lupus cutanée	7
lupus cutané	7
hypodensité splénique	7
hypodensité splénique definition	7
hypodensité	7
hypodensité définition	7
hypodensité splénique	7
lupus cutanée cause	7
causes lupus cutanée	7
lupus rate	7
douleur hypochondre gauche cause	7
douleur hypochondre gauche lupus	7
hypodensité splénique	7
lupus cutanée	7
Infarctus splénique	7
dermatite	8
papule	8
adénopathie	8
dermatite papule adénopathie	8
dermatite papule et adénopathie	8
dermatite papule et adénopathie	8
rougeole papule	8
big data	10
big data en 2 minutes	10
plagiat traduction	11
plagiat traduction anglais	11
best way to detect plagiarism	11
Turnitin.com	11
détecter le plagiat	11
word embedding	11
détecter le plagiat	11
détecter le plagiat n-grammes	11
Méthode alternative à la détection de “ copier/coller ” : intersection de textes et construction de séquences maximales communes	11
détecter le plagiat n-grammes	11
sms language translator	12
sms language translator methodology	12
traducteur langage sms	12
traduire le langage sms	12
1fo.co.	12
dictionnaire sms	12
1fo.co.	12
traduire le langage sms	12
traducteur langage sms	12
sms language translator methodology	12
précédure basée grpahe	13
tweet synthesis graph	13
précédure basée grpahe	13
tweet synthesis graph	13
topic classification of test	13
topic classification of text	13
topic classification of test	13
topic classification of text	13
vectorial model of information search	14
vector model of information search	14
représentations mentales et leurs diverses formes	0
représentations mentales psychologie	0
tri de cartes ux fermé ouvert	1
tri de cartes ux physique ou informatisé	1
persona ad hoc primaire	2
ad hoc primary persona	2
persona ad hoc primaire	2
persona ad hoc	2
persona ad hoc Tamara Adlin	2
persona primaire	2
persona ad hoc Tamara Adlin	2
ad hoc persona	2
ad hoc persona ux	2
Tamara Adlin	2
tamara adlin ad hoc personas	2
influence of noise and sleep on focus	3
influence of noise and sleep on focus light buttons	3
influence of noise and sleep on focus	3
influence of noise and sleep on focus	3
influence of noise and sleep on focus	3
influence of noise on focus	3
influence of noise and sleep on focus	3
influence oscholarf noise and sleep on focus	3
cocktail party effect in infants	3
cocktail party effect sleep	3
cocktail party effect in infants	3
traduction concentration	3
traduction	3
traduction concentration	3
effect of sound on concentration	3
effect of sound on focus	3
effect of sound and sleep on focus	3
effect of sound on focus	3
effect of sound on concentration	3
effect of sound and sleep on focus	3
psychology reproducibility list	3
psychology replication list	3
noise sleep focus	3
psychology replication list	3
psychology reproducibility list	3
modularity hypothesis	4
modularity hypothesis psychology	4
modularity hypothesis	4
hypothèse de la modularité	4
endométriose	5
avc non séquellaire	6
fibrillation auriculaire	6
fibrillation auriculaire traitemebnt	6
anti coagulant avc	6
anticoagulant avc	6
AVC ischémique aigu	6
anticoagulant avc	6
Anticoagulants dans l'accident vasculaire cérébral (AVC) ischémique aigu	6
anticoagulant avc	6
avk	6
anticoagulant avc	6
douleurs de l'hypochondre gauche	7
douleurs de l'hypochondre gauche antalgique	7
douleurs de l'hypochondre gauche	7
douleurs de l'hypochondre gauche diagnostic	7
lupus cutané	7
polyglobulie	7
hypodensités splénique	7
hypodensités splénique hypocondre gauche	7
dermatite	8
dermatite + papules + adénopathies	8
dermatite papules adénopathies	8
dermatite transitoire brutale	8
diagnostic dermatite	8
adénopathie	8
diagnostic dermatite	8
dermatite adénopathie	8
eczéma papules	8
eczéma symptômes	8
eczema papules	8
eczema papules adenopathie	8
cause dermatitis	8
adenopathy dermatitis	8
hyponatrémie sévère	9
hyponatrémie sévère valeur	9
transcription langage sms	12
logiciel de transcription écrit sms	12
création de ressources numériques	12
création de logiciel	12
création de ressources numériques	12
procédure graphes syntèse de tweets	13
procédure graphes synthèse de tweets	13
graphes de réseaux	13
modèle vectoriel recherche d'information	14
Big Data	10
détection de plagiat méthode	11
analyse automatisé de texte morphologique	11
détection plagiat méthodes	11
analyse morphologique	11
analyse sémantique TAL	11
persona ad-hoc	2
persona	2
expérience psychologie bruit sommeil concentration	3
expérience bruit lumière concentration	3
expérience psychologie vigilance	3
expérience vigilance sommeil bruit	3
expérience vigilance panneau lumière boutons	3
jerry fodor	4
représentations mentales psychologie	0
tri par cartes ouvert	1
douleurs hypochondre gauche	7
douleur hypocondre gauche	7
hypodensités spléniques	7
dermatite brutale papules adénopathies	8
adénopathies	8
doctissimo	8
web md	8
dermatite	8
hyponatrémie sévère	9
endométriose	5
endométriose	5
traitement anticoagulant avc	6
analyse de texte pour detecter du plaigiat	11
analyse de texte par morphologie du texte	11
analyse de texte par thesaurus	11
fonctionnement detetcion de plaigiat par thesaurus	11
retranscrire langage sms en langage formel	12
technique pour synthetiser des tweets	13
technique automatique  pour synthetiser des tweets	13
technique automatique  pour synthetiser des tweets par base graphe	13
inventeur du modele vectoriel de la recherche d'information	14
fonctionnement du big data	10
comparaison des differentes methodes de tri de cartes	1
tri de carte	1
comment creer un presona ad hoc primaire	2
etude impact du bruit et du sommeil sur la concentration	3
etude impact du bruit et du sommeil sur la concentration	3
etude impact du bruit et du sommeil exposition lumiere sur la concentration	3
etude impact du bruit et du sommeil sur l'attention	3
etude impact du bruit et du sommeil sur l'attention replication muzet	3
etude impact du bruit et du sommeil sur l'attention muzet	3
auteur de l'hypothese de modularité	4
les representations mentales en psychologie cognitive	0
traitement par anticoagulant pour avc non sequellaire	6
diagnostic differentiel douleurs hypochondre gauche avec deux hypodensités spléniques	7
diagnostic differentiel douleurs hypochondre gauche avec deux hypodensités spléniques suite a un lupus et une polyglobulie	7
diagnostic differentiel douleur hypochondre gauche avec hypodensités spleniques suite a un lupus et polyglobulie	7
diagnostic differentiel douleur hyponchondre gauche avec hypodensités spléniques suite à un lupus et polyglobulie	7
diagnostic differentiel douleur hypochondre gauche avec hypodensités spléniques suite à un lupus et polyglobulie	7
infarctus splenique et polyglobulie	7
infarctus splenique causée par maladie de vaquez	7
consequence  maladie de vaquez sur douleur hypochondre gauche	7
splenomegalie chez homme de 40 ans	7
splenomegalie apres lupus	7
hypothese etiologique definition	7
splenomegalie	7
splenomegalie douleur hyponchondre gauche	7
papule	8
apparition brutale dermatite transitoire avec papule et adenopathies	8
erythrodermie jeune enfant avec papules et adenopathies	8
valeur hyponatremie severe	9
endométriose	5
Technique de construction de synthèse programmé	13
Technique de construction de synthèse programmé d'un sujet	13
technique de construction programmé de synthèse d'un sujet	13
technique de construction programmé de synthèse d'un sujet a l'aide de graphes	13
technique de construction programmé de synthèse d'information d'un sujet a l'aide de graphes	13
Synthèse de tweet	13
Synthèse de tweet avec graphes	13
synthèse de tweet sur un graphe	13
synthèse de tweet sur un graphe grephi	13
synthèse de tweet sur un graphe	13
technique synthèse de tweet sur un graphe	13
invention du modele vectoriel de recherche d'information	14
invention du modele vectoriel de recherche d'information Gerard Salton	14
Big data	10
analyse de la morphologie du texte	11
fonctionnement de la détection de plagiat	11
analyse morphologique des mot avantages et inconvenient	11
analyse utilisation de documents externes plagiat avantages et inconvenient	11
analyse morphologique des mots  avantages et inconvenient	11
n-gramme	11
thesaurus	11
transcrire un texte sms en langage écrit	12
transcrire sms en langage écrit	12
langage sms traduction	12
traducteur de langage sms comment ça marche	12
langage sms traduction	12
https://fr.wikipedia.org/wiki/Langage_SMS	12
technique de traduction de texte sms	12
etude sur l'effet du bruit et du sommeil sur la concentration	3
étude sur l'effet du bruit et du sommeil sur la concentration	3
auteur étude sur l'effet du bruit et du sommeil sur la concentration	3
étude sur l'effet du bruit et du sommeil sur la concentration	3
etude effet bruit et sommeil sur concentration	3
effet bruit et sommeil sur concentration	3
effet bruit et sommeil sur concentration expérience panneau, lumières	3
effet bruit et sommeil sur concentration	3
etude effet bruit et sommeil sur concentration	3
etude effet bruit et sommeil	3
A Alexandre - Sozial-und Präventivmedizin, 1974 - Springer	3
A Alexandre 1974 expérience	3
A Alexandre - Sozial-und Präventivmedizin, 1974 - Springer	3
etude effet bruit et sommeil	3
etude effet bruit et sommeil sur concentration	3
effet bruit et sommeil sur concentration	3
effet bruit et sommeil sur concentration expérience panneau, lumières	3
effet bruit et sommeil sur concentration	3
etude effet bruit et sommeil sur concentration	3
A Alexandre 1974 expérience	3
A Alexandre 1974 expérience bruit sommeil	3
expérience bruit sommeil panneau, lumière, boutons	3
effet du bruit et du sommeil sur la concentration	3
Muzet sommeil bruit	3
sommeil bruit concentration	3
sommeil bruit concentration expérience avec panneau lumière et boutons	3
sommeil bruit concentration	3
auteur de l'hypothèse de la modularité	4
représentation mentale	0
représentation mentale différentes formes	0
représentation mentale	0
tri de carte ouvert	1
tri de carte physique ou informatisé	1
persona ad-hoc primaire	2
persona primaire cognitive	2
persona	2
persona primaire cognitive	2
persona primaire	2
persona primaire définiton	2
persona primaire professeur de cognitive	2
dermatite	8
dermatite lésion papules	8
adénopathie	8
dermatite papules et adénopathie	8
dématite papule adénopathie	8
dermatite papule et  adénopathie	8
papules dermiques	8
papules dermiques et adénopathie maladie	8
Maladie papules dermiques et adénopathie	8
valeur d'une hyponatrémie	9
valeur d'une hyponatrémie sévère	9
endométriose	5
traitement anticoagulant	6
traitement anticoagulant AVC	6
fibrillation auriculaire	6
fibrillation auriculaire et anticoagulant	6
anticoagulant risque	6
anticoagulant risque fibrilation auriculaire	6
anticoagulant et fibrillation auriculaire	6
anticoagulant fibrillation auriculaire	6
douleur hypochrondre gauche	7
antécédant lupus cutané et polyglobulie	7
lupus cutané et polyglobulie	7
polyglobulie	7
lupus cutané	7
hypoddensité spléniques	7
hypodensité	7
hypodensité  spléniques	7
dissémination hématogène	7
lupus cutané	7
dissémination hématogène	7
hypodensité  spléniques	7
hypodensité	7
hypoddensité spléniques	7
hypodensité	7
hypodensité  spléniques	7
dissémination hématogène	7
lupus cutané	7
hypodensité splénique	7
programme AND plagiat AND morphologie AND "word embeddings"	11
avantages incovénients programme plagiat	11
fonctinonement programme plagiat	11
plagiarism detection program	11
morphologie du texte AND "plagiat"	11
ressources externes AND "morphologie du texte" AND "plagiat"	11
how to design a plagiarism checker	11
how to detect a plagiarism checker	11
how to design a plagiarism checker	11
plagiarism AND "word embeddings"	11
how to design a plagiarism checker	11
word embeddings	11
how to design a plagiarism checker	11
word embeddings	11
word embeddings AND plagiarism	11
modèle vectoriel recherche d'information	14
Gerard Salton universalis	14
modèle vectoriel recherche d'information	14
how to transform texting message to natural langage	12
how to transform text message to well-formed texr	12
how to transform SMS messaging to well-formed text	12
how to transform text message to well-formed texr	12
automatically correct sms text	12
how to automatically correct sms text message	12
program how to automatically correct sms text message	12
stackoverflow	12
text sms messaing	12
text sms messaging	12
correct sms messaging	12
text sms messaging	12
text sms messaing	12
stackoverflow	12
how to detect text similarity kolmogorov	12
similmarity metric for correcting sms messaging	12
similarity metric for correcting sms messaging	12
sms text thesaurus	12
theaurus	12
thesaurus dictionnaires	12
theaurus	12
sms text thesaurus	12
similarity metric for correcting sms messaging	12
similmarity metric for correcting sms messaging	12
how to detect text similarity kolmogorov	12
thematic graph-based tweet agregate	13
topic modeling	13
méthode basée graphe	13
tweet topic modeling	13
topic modeling	13
big data	10
tri de cartes ouvert fermé	1
jerry fodor modularité	4
hypothèse de modularité	4
jerry fodor modularité	4
persona primaire	2
persona ad-hoc primaire	2
persona primaire et secondaire	2
persona primaire ad-hoc	2
norman 2004 ad-hoc persona	2
persona primaire ad-hoc	2
persona ad-hoc	2
persona primaire ad-hoc	2
persona primaire	2
public psychologie cognitive	2
qui est intéressé par la psychologie cognitive	2
sleep noise effect on attentional focus	3
sleep noise effect on attentional focus	3
sleep noise effect on attentional focus	3
effet psychologique sommeil bruit concentration	3
sound and sleep effect on concentration	3
sound and sleep effect on attentional focus	3
noise and sleep effect on attentional focus	3
bruit AND sommeil AND concentratino AND panneau AND lumières	3
noise AND sleep AND attention AND lights AND buttib	3
noise AND sleep AND attention AND lights AND button	3
noise AND sleep AND attention AND lights AND button AND psychology	3
psychology study noise sleep attention	3
psychology study noise sleep attention	3
variété des formes de représentations mentales	0
avc non sequellaire	6
fibrillation auriculaire	6
fibrillation auriculaire anticoagulation	6
fibrillation auriculaire	6
fibrillation auriculaire anticoagulation	6
british medical journal auricular fibrillation anti anticoagulant	6
british medical journal atrial fibrillation anti anticoagulant	6
british medical journal auricular fibrillation anti anticoagulant	6
fibrillation auriculaire anticoagulation	6
has fibrillation auriculaire	6
has fibrillation auriculaire anticoagulation	6
anticoagulant avk	6
chute anticoagulant	6
hyponatrémie sévère valeur	9
vec	9
vec hyponatrémie	9
hypothèse étiologique	7
hypocondre	7
antalgique palier 1	7
antalgique palier 1 hypocondre	7
antalgique palier 1	7
lupus cutané	7
lupus cutané hypocondre	7
lupus cutané AND hypochondre	7
polyglobulie	7
polyglobulie AND hypochondre	7
hypodensité splénique	7
hypodensité splénique abdomino-plévien	7
splénomégaliez	7
lupus AND "hypochondre gauche" splén-	7
cause splénomégalie lupus	7
polyglobulie lupus splénomégalie	7
polyglobulie	7
polyglobulie splénomégalie	7
dermatite AND papules AND adénopathies	8
symptômes dermatose enfant	8
dermatite atopique symptome	8
dermatite atopique AND papules AND adénopathies	8
adénopathies	8
adénopathies eczéma	8
endométriose	5
endométriose has	5
endométriose	5
modèle vectoriel recherche d'information	14
modèle vectoriel recherche d'information chercheur	14
modèle vectoriel recherche d'information auteur	14
big data synthèse	10
big data intelligence artificielle	10
méthode détection plagiat	11
méthode détection plagiat morphologie texte	11
détection plagiat morphologie	11
détection plagiat	11
détection plagiat méthod	11
détection plagiat word embedding	11
détection plagiat méthod	11
transcription sms vers langage formé	12
transformer sms vers langage formé	12
conversion sms langage normalisé	12
normaliser sms méthode	12
conversion sms langage normalisé	12
construction programmée procédure basée graphes	13
technique construction programmée graphée	13
technique construction programmée graphique	13
technique construction programmée graph"e	13
technique construction programmée graphée	13
technique construction programmée graphe	13
technique construction programmée synthèse	13
hypothèse modularité	4
représentations mentales formes	0
méthode tri de carte ouvert fermé	1
persona ad-hoc primaire	2
personas exemple	2
bruit sommeil concentration	3
bruit sommeil concentration panneau lumière bouton	3
bruit sommeil concentration panneau lumière	3
bruit sommeil concentration	3
effet bruit sommeil sur concentration	3
bruit sommeil concentration	3
bruit sommeil concentration panneau lumière	3
bruit sommeil concentration panneau lumière bouton	3
bruit sommeil concentration	3
effet bruit sommeil sur concentration	3
concentration bruit sommeim	3
effet bruit sommeil concentration	3
bruit sommeil concentration	3
bruit sommeil panneau lumière	3
bruit sommeil	3
hyponatrémie sévère valeur	9
endométriose	5
AVC non séquellaire fibrillation auriculaire	6
fibrillation auriculaire anticoagulant	6
fibrillation auriculaire anticoagulant cas	6
fibrillation auriculaire anticoagulant	6
fibrillation auriculaire anticoagulation recommandations	6
fibrillation auriculaire anticoagulation contre indications	6
anticoagulant contre indications	6
hypodensités spléniques	7
lupus cutané	7
hypodensités spléniques	7
polyglobulie	7
hypodensités spléniques	7
dermatite papules adénopathie	8
dermatite	8
dermatite papule	8
adénopathie papule	8
auteur modèle vectoriel	14
le big data	10
consentement libre et éclairé big data	10
consentement big data	10
consentement big data	10
méthode morphologie texte mots n-grammes phrases	11
méthode morphologique texte mots en-grammes phrases	11
canonique def	11
n-grammes de mots def	11
méthode d'analyse morphologique plagiat	11
méthode d'analyse morphologique "plagiat"	11
méthode analyse n-grammes "plagiat"	11
Comparaison Des Techniques De Détection Du Plagiat Académique	11
Comparaison Des Techniques De Détection Du Plagiat	11
Comparaison Des Techniques De Détection Du Plagiat Académique	11
méthode analyse n-grammes "plagiat"	11
méthode analyse n-grammes "plagiat" avantages limites	11
qu'appelle-t-on une "ressource" en "informatique"	12
comment retranscrire un langage sms en langage normal ?	12
méthode informatique construction programmée synthèse basée graphes	13
méthode informatique construction programmée synthèse basée graphes algorithme	13
qui est l'auteur de l'hypothèse de la modularité	4
catégorisation des différents types de représentations mentales	0
catégorisation des différents types de représentations mentales	0
représentations mentales	0
représentations mentales méta analyse	0
représentations mentales	0
catégorisation des différents types de représentations mentales	0
liste des différentes représentations mentales	0
théorie des représentations mentales	0
représentations mentales d'objet	0
méthode tri de cartes ergonomie web amélie boucher	1
amélie boucher tri de carte ergonomie web	1
tri de carte lallemand pdf	1
méthodes de design ux pdf	1
tri de carte	1
tri carte lallemant pdf	1
podcast définition	2
persona primaire	2
étude effet bruit sommeil concentration panneau lumières boutons	3
étude effet bruit sommeil concentration "panneau" "lumières" "boutons"	3
étude bruit sommeil attention	3
valeur hyponétrie sévère	9
endométriose	5
vieillissement avc non séquellaire fibrillation auriculaire risque de chute traitement anticoagulant	6
vieillissement evc non séquellaire fibrillation auriculaire risque chute anticoagulant	6
vieillissement avc non séquellaire fibrillation auriculaire risque chute anticoagulant	6
diagnostic douleurs hypocondre lupus cutané polyglobulie hypodensités spléniques	7
diagnostic douleurs hypochondre lupus cutané polyglobulie hypodensités spléniques	7
splénomégalie def	7
douleur hypocondre gauche, polyglobulie lupus cutané polyglobulie hypodensités spléniques diagnostic	7
douleur hypochondre gauche, polyglobulie lupus cutané polyglobulie hypodensités spléniques diagnostic	7
cause splénomégalie	7
cause splénomégalie lupus cutané polyglobulie	7
enfant dermatite apparition brutale transitoire papules adénopathies	8
dermatite def	8
adénopathie def	8
enfant dermatite papule ganglion diagnostic	8
